request_id,amount_safe_to_pay,affordability_status,recommended_payment_method,payment_plan,earliest_date_for_full_payment,spending_changes_needed,decision_explanation
request_100,24626.46,affordable_with_plan,installments,2024-06-13:12866.19|2024-07-14:12866.19|2024-08-14:12866.19,2024-08-15,none,"Your baseline safe-to-pay amount of 24,626.46 is insufficient for the full purchase price of 37,114.00. However, the 3-month installment plan (payment_option_281) is affordable, with the first payment due on 2024-06-13 and the final payment completed by 2024-08-14, which is within your desired completion date."
request_101,143500,affordable_now,full_payment,2025-11-03:143500.0,2025-11-03,none,"Your current available balance and 90-day forecast confirm that you can safely afford the full investment amount of INR 143,500 today without impacting your essential financial priorities."
request_102,1716,affordable_now,not_recommended,none,2026-04-05,none,"The baseline safe amount of 1716.0 covers the full requested amount. As the user's profile indicates they can afford this now without impacting their minimum balance, a full payment is recommended."
request_103,3170.1,not_affordable,not_recommended,none,,none,"The requested amount of INR 368,300 exceeds your safe payment capacity of INR 3,170.1. Even with all adjustable spending items stopped or reduced, the headroom created is insufficient to cover the full cost or meet the installment requirements within the 90-day forecast. No full payment date is projected within the desired completion window."
request_104,17204,affordable_now,full_payment,2025-02-04:17204.0,2025-02-04,none,"The requested amount of ZAR 17,204 is within the safe-to-pay baseline of ZAR 17,204. Full payment is affordable today without impacting your protected expenses or minimum balance requirements."
request_105,50119.13,affordable_with_plan,installments,2026-06-11:9630|2026-07-09:9630|2026-08-06:9630|2026-09-03:9630|2026-10-01:9630|2026-10-29:9630,2026-06-15,none,"The requested amount of 53,500 exceeds the safe baseline of 50,119.13. Full payment is not safe until 2026-06-15, which is after the desired completion date. The 6-month installment plan (payment_option_297) is affordable, starts by the desired date, and fits within the 9-month limit."
request_106,455.39,affordable_later,wait,2025-02-15:2207.7,2025-02-15,none,"The requested amount of EUR 2,207.70 exceeds the current safe-to-pay baseline of EUR 455.39. While you have confirmed future income, the earliest date you can safely afford the full payment is 2025-02-15, which aligns with your desired completion date."
request_107,878.59,affordable_with_plan,installments,2025-05-08:878.59|2025-06-05:878.59|2025-07-03:878.59,,none,"The baseline safe amount is 0 due to a projected 90-day deficit. However, the installment plan (payment_option_301) is affordable as it fits within the desired completion date and the user's preferred payment methods, despite the financing fee."
request_108,3367.44,affordable_later,wait,2026-08-08:55308.0,2026-08-08,none,"The requested amount of ZAR 55,308 exceeds the safe payment capacity of ZAR 3,367.44. Installments are not among your preferred payment methods, and partial payment is not allowed for this request. Full payment is projected to be safe by 2026-08-08, which is after your desired completion date, making waiting the only viable option."
request_109,447.84,affordable_with_plan,installments,2024-03-18:645.98|2024-04-18:645.98|2024-05-19:645.98,2024-05-15,none,"The requested amount of 1863.40 exceeds the safe baseline of 447.84. Installment option 307 is affordable, fits within the 5-month limit, and completes by the desired date."
request_110,22352,affordable_now,not_recommended,none,2025-08-06,none,"Your baseline safe-to-pay amount of ZAR 22,352 covers the full requested amount. As you have sufficient funds available today, a full payment is the most cost-effective option."
request_111,16625000,affordable_now,full_payment,2026-04-03:16625000.0,2026-04-03,none,"The requested amount of IDR 16,625,000 is within the safe-to-pay baseline of IDR 16,625,000. Although your employment has ended, the current available balance and 90-day forecast confirm that the full payment is affordable today without requiring spending changes."
request_112,271.7,affordable_now,full_payment,2024-06-05:271.7,2024-06-05,none,"The requested amount of 271.70 EUR is within the safe-to-pay baseline of 271.70 EUR. As you are willing to consider full payment, this is the most cost-effective option and is affordable today."
request_113,18330.35,affordable_with_plan,not_recommended,none,2026-11-15,none,"The requested amount of INR 36,500 exceeds the safe baseline of INR 18,330.35. While full payment is not currently safe, an installment plan is available and affordable. The chosen plan (payment_option_321) allows for the debt repayment while maintaining your required minimum balance."
request_114,52466.37,affordable_later,wait,2026-01-15:65300.0,2026-01-15,none,"The requested amount of INR 65,300 exceeds the safe-to-pay baseline of INR 52,466.37. Full payment is not affordable today, and the user only considers full payment. The earliest date for full payment is 2026-01-15, which is after the desired completion date of 2026-01-14. Therefore, waiting until 2026-01-15 is the recommended path."
request_115,14619,affordable_later,wait,2024-11-15:80500.0,2024-11-15,none,"The requested amount of INR 80,500 exceeds the safe-to-pay baseline of INR 14,619. As you only consider full payment and the earliest date for full payment is 2024-11-15, which falls within your desired completion date, waiting until that date is the recommended path."
request_116,6349.7,not_affordable,not_recommended,none,,none,"The requested amount of 241,200 INR exceeds your safe payment capacity of 6,349.7 INR. No installment plans are viable as they exceed the 12-month limit or fail to meet the desired completion date, and partial payment is not permitted for this request."
request_117,847.73,affordable_later,wait,2026-07-15:880.0,2026-07-15,none,"The requested amount of 880.00 EUR exceeds the safe-to-pay baseline of 847.73 EUR. While you are willing to consider full payment, it is not currently safe. The earliest date you can safely pay the full amount is 2026-07-15, which falls just after your desired completion date of 2026-07-14. Therefore, waiting until 2026-07-15 is the recommended approach."
request_118,615.32,affordable_with_plan,installments,2024-12-07:255.87|2025-01-07:255.87|2025-02-07:255.87,2025-02-20,none,"The requested amount of 738.10 exceeds the safe baseline of 615.32. Installments are available and affordable, allowing completion by the desired date of 2025-02-08. The employer message confirms income, but the baseline already accounts for this. Installments are preferred over waiting until 2025-02-20 for full payment."
request_119,0,affordable_with_plan,installments,2025-05-18:70546.67|2025-06-15:70546.67|2025-07-13:70546.67,,none,"The baseline safe amount is 0.0 due to projected future commitments, making full payment unaffordable. The 3-month installment plan (payment_option_337) is affordable and fits within the desired completion date of 17 July 2025."
request_120,7714000,affordable_now,full_payment,2026-04-06:7714000.0,2026-04-06,none,"The requested amount of IDR 7,714,000 is within the safe-to-pay baseline of IDR 7,714,000. Full payment is affordable today without impacting essential expenses or requiring spending changes."
request_121,633.6,affordable_now,full_payment,2024-03-03:633.6,2024-03-03,none,"The requested amount of 633.60 is within the safe baseline of 633.60. As the user considers full payment and it is affordable today, a full payment is recommended."
request_122,20558000,affordable_now,not_recommended,none,2025-08-05,none,"Your current balance and 90-day forecast confirm that you can safely afford the full membership fee of IDR 20,558,000 today while maintaining your required minimum balance and protecting your essential expenses."
request_123,4076000,affordable_now,full_payment,2026-01-07:4076000.0,2026-01-07,none,"The baseline safe amount of IDR 4,076,000 covers the full requested investment amount. As the user considers full payment and it is safe to pay today, the full amount is recommended."
request_124,1076.12,affordable_with_plan,installments,2024-06-11:1076.12|2024-07-12:1076.12|2024-08-12:1076.12,2024-08-15,none,"The requested amount of 3104.20 exceeds the safe baseline of 1378.23. An installment plan (payment_option_352) is available and affordable, with the first payment on 2024-06-11 and completion by 2024-08-12, which is within the desired completion date of 2024-08-20."
request_125,5479.98,affordable_later,wait,2025-11-15:6468.0,2025-11-15,none,"The requested amount of ZAR 6,468 exceeds the safe-to-pay baseline of ZAR 5,479.98. Full payment is not safe until 2025-11-15, which is after your desired completion date of 2025-11-14. As partial payment is not allowed and installments are not preferred, waiting until 2025-11-15 is the recommended approach."
request_126,159600,affordable_now,full_payment,2026-07-03:159600.0,2026-07-03,none,"Your baseline safe-to-pay amount of INR 159,600 covers the full requested amount. As you are able to pay in full today, this is the most cost-effective option."
request_127,0,not_affordable,not_recommended,none,,none,"The requested amount of ZAR 23,980 exceeds the safe-to-pay baseline of ZAR 0.0. Even with potential spending reductions, the 90-day balance forecast indicates a significant deficit, making the full transfer unaffordable within the desired timeframe."
request_128,25168,affordable_now,full_payment,2025-02-07:25168.0,2025-02-07,none,"The requested amount of ZAR 25,168 is within the safe baseline of ZAR 25,168. As the user is willing to consider full payment and it is affordable today, full payment is recommended."
request_129,108.3,not_affordable,not_recommended,none,,none,"The requested amount of 2668.80 exceeds the safe baseline of 108.30. Installment options are not viable as the 18-payment plan exceeds the 10-month limit, and partial payment is not permitted. No full payment is forecasted within 90 days."
request_130,350.34,affordable_later,wait,2025-01-15:1978.8,2025-01-15,none,"The requested amount of 1978.80 exceeds the safe-to-pay baseline of 350.34. Installment options are not viable as they exceed the 2-month limit. Full payment is possible by 2025-01-15, which is before your desired completion date of 2025-02-15."
request_131,1110.65,affordable_with_plan,installments,2025-05-06:643.14|2025-06-03:643.14|2025-07-01:643.14,2025-07-23,none,"Your baseline safe-to-pay amount of 1,110.65 is insufficient for the full payment of 1,855.20. However, the installment plan (payment_option_372) is affordable, with the first payment on 2025-05-06 and the final payment on 2025-07-01, which is within your desired completion date of 2025-07-08."
request_132,241.75,affordable_later,wait,2026-03-15:379.86,2026-03-15,none,"The requested amount of 379.86 exceeds the safe-to-pay baseline of 241.75. Full payment is not currently affordable, and the user only considers full payment as a method. Since the earliest date for full payment (2026-03-15) is after the desired completion date of 2026-02-25, the request is not affordable within the desired timeframe."
request_133,15770000,affordable_now,not_recommended,none,2024-03-07,none,"The requested amount of IDR 15,770,000 is within the safe-to-pay baseline of IDR 15,770,000. Although your employer confirmed the end of your seasonal contract, your current available balance and 90-day forecast remain sufficient to cover this purchase immediately."
request_134,4321861.24,affordable_later,wait,2025-10-15:21831000.0,2025-10-15,none,"Your current safe-to-pay amount of IDR 4,321,861.24 is insufficient for the full purchase price of IDR 21,831,000.00. As you only consider full payment and do not wish to use installments, the purchase is not affordable today. However, you will be able to afford the full amount by 2025-10-15, which is within your desired completion date."
request_135,268.56,affordable_with_plan,full_payment,2026-07-06:304.8,2026-07-15,reduce_to:event_12458:17.50|stop:event_12413,"The baseline safe amount of 268.56 is insufficient for the 304.80 deposit. By reducing dining expenses to 17.50 and stopping streaming, you gain 40.48 in headroom, making the full payment affordable. Although the earliest date for full payment is 2026-07-15, the spending adjustments allow you to meet the request by the desired completion date."
request_136,560.4,affordable_with_plan,full_payment,2024-06-03:560.4,2024-06-03,reduce_to:event_12498:35.61,"The baseline safe amount of 524.81 is insufficient for the 560.40 request. By reducing the shopping expense (event_12498) by 35.59, the effective headroom increases to 560.40, allowing for a full payment today."
request_137,24318.31,not_affordable,not_recommended,none,,none,"The requested amount of 80,100 INR exceeds the safe-to-pay baseline of 24,318.31 INR. Installment options are not viable as the 15-month plan exceeds the 4-month limit, and partial payment is not permitted. No full payment is projected within the 90-day window, even with potential spending adjustments."
request_138,847.93,affordable_with_plan,partial_payment,2026-04-07:847.93|2026-04-15:409.01,2026-04-15,none,"The requested amount of 1,256.94 exceeds the safe baseline of 847.93. However, a full payment is possible by 2026-04-15, which is well within your desired completion date of 2026-06-05. Therefore, a partial payment plan is recommended to secure the purchase now while completing the full payment shortly after."
request_139,1312.3,affordable_with_plan,installments,2024-09-07:802.88|2024-10-08:802.88|2024-11-08:802.88,2024-11-15,none,"Your baseline safe-to-pay amount of USD 1,312.30 is insufficient for the full deposit of USD 2,316.00. However, you can afford the requested amount through an installment plan (payment_option_395) which fits within your 3-month limit and desired completion date. Alternatively, you could wait until 2024-11-15 to pay in full."
request_140,1189.56,not_affordable,not_recommended,none,,none,"The requested amount of ZAR 62,832 exceeds your safe payment capacity of ZAR 1,189.56. Installment options are not viable as they exceed the 3-month limit (max_installment_months), and full payment is not projected to be safe within 90 days."
request_141,19258.79,not_affordable,not_recommended,none,,none,"Your safe-to-pay amount of INR 19,258.79 is insufficient to cover the requested INR 171,600.00. As no full payment is projected within the 90-day forecast and you have not indicated willingness to use installments, the request is not affordable at this time."
request_142,1263.6,affordable_now,full_payment,2024-12-05:1263.6,2024-12-05,none,"Your current available balance and 90-day forecast confirm that you can safely afford the full investment amount of USD 1,263.60 today while maintaining your required minimum balance."
request_143,2303.27,affordable_later,wait,2025-07-15:12584.0,2025-07-15,none,The baseline safe amount of 2303.27 is insufficient for the full payment of 12584.0 today. Installments are not viable as they exceed the 2-month limit. Full payment is safe by the desired completion date of 2025-07-15.
request_144,233.34,affordable_with_plan,full_payment,2026-07-04:233.34,2026-08-15,reduce_to:event_13306:17.50|stop:event_13239|stop:event_13240,"The baseline safe amount of 222.90 is insufficient for the 233.34 request. However, by reducing dining expenses (event_13306) by 22.84 and stopping the music subscription (event_13239) and delivery membership (event_13240), you free up 40.84 in headroom, making the full payment affordable."
request_145,5892.63,affordable_with_plan,installments,2024-03-20:75365.33|2024-04-20:75365.33|2024-05-21:75365.33,2024-05-20,none,"Your baseline safe-to-pay amount of INR 5,892.63 is insufficient for the full payment of INR 217,400.00. However, you can afford the travel request by utilizing the 3-month installment plan (payment_option_412), which fits within your 3-month limit and completes by your desired date of May 26, 2024."
request_146,14705.27,not_affordable,not_recommended,none,,none,"The requested amount of INR 449,400 exceeds your safe payment capacity of INR 14,705.27. Even with available future income and potential spending changes, full payment or installments are not currently affordable within the 90-day forecast."
request_147,0,affordable_with_plan,installments,2026-04-08:391.63|2026-05-08:391.63|2026-06-07:391.63,,stop:event_13521|stop:event_13520|reduce_to:event_13559:30,"The baseline safe amount is 0.0 due to projected future expenses. By stopping streaming and cloud storage subscriptions and reducing dining expenses, you can afford the 3-payment installment plan (payment_option_418) which fits within your desired completion date."
request_148,6907.71,affordable_with_plan,installments,2024-06-14:7710.56|2024-07-15:7710.56|2024-08-15:7710.56,2024-08-15,none,"The requested amount of 22,242 ZAR exceeds the safe baseline of 6,907.71 ZAR. An installment plan (payment_option_421) is available that fits within the 12-month limit and completes by the desired date of 2024-08-18. Full payment is not safe until 2024-08-15, which is within the desired completion window, but the installment plan allows for earlier acquisition."
request_149,12706.03,affordable_with_plan,installments,2025-11-18:12706.03|2025-12-16:12706.03|2026-01-13:12706.03,2026-01-15,none,"The requested amount of 36,652.00 exceeds the safe baseline of 21,712.14. An installment plan is available that fits within the desired completion date and the user's preferences, allowing for the full request to be met through three payments starting November 18, 2025."
request_150,171.98,affordable_with_plan,installments,2026-01-06:171.98|2026-02-05:171.98|2026-03-07:171.98,2026-03-15,none,"The baseline safe amount of 243.60 EUR is insufficient for the full payment of 496.10 EUR. Installment plan payment_option_427 is affordable, fits within the desired completion date, and is preferred over waiting until 2026-03-15 for a full payment."
request_151,26999000,affordable_now,full_payment,2024-09-03:26999000.0,2024-09-03,none,"Your current available balance of IDR 83,998,265 exceeds the required deposit of IDR 26,999,000 while maintaining your minimum balance requirement. Full payment is safe and affordable today."
request_152,10961.27,affordable_with_plan,installments,2025-02-12:4812.43|2025-03-12:4812.43|2025-04-09:4812.43,2025-04-15,none,"The requested amount of 13,882 exceeds the safe baseline of 10,961.27. Installment option 433 is affordable, fits within the 3-month limit, and completes by the desired date of 2025-04-13."
request_153,0,not_affordable,not_recommended,none,,none,"The requested amount of 2830.80 exceeds your safe-to-pay baseline of 0.00. Even with available spending adjustments, the total cost cannot be covered within the 90-day forecast, and no installment plan meets your 3-month maximum duration requirement."
request_154,1625.8,affordable_now,not_recommended,none,2024-12-04,none,"The baseline safe amount of 1625.80 covers the full requested amount. Since full payment is safe and the user's profile allows for it, full payment is recommended as the most cost-effective option."
request_155,75653.28,affordable_later,wait,none,,none,"The requested amount of INR 112,500 exceeds the safe-to-pay baseline of INR 75,653.28. As full payment is not currently safe and no full payment date is projected within the 90-day forecast, the purchase is not recommended at this time."
request_156,8398.65,affordable_later,wait,2026-06-15:43076.0,2026-06-15,none,"The requested amount of 43,076 ZAR exceeds the current safe-to-pay baseline of 8,398.65 ZAR. Installment options are not viable as they exceed the 8-month maximum duration constraint. Full payment is safe by the desired completion date of 2026-06-15."
request_157,4466962.5,affordable_later,wait,2024-04-15:23503000.0,2024-04-15,none,"The requested amount of IDR 23,503,000 exceeds the safe-to-pay baseline of IDR 4,466,962.50. Full payment is not currently affordable, but the full amount can be safely paid by the earliest available date of 2024-04-15, which is within your desired completion date of 2024-05-15."
request_158,242600,affordable_now,not_recommended,none,2025-08-07,none,"The baseline safe amount of INR 242,600 covers the full requested amount. Since full payment is safe and the user's profile allows for it, full payment is recommended as the most cost-effective option."
request_159,13398,affordable_now,full_payment,2026-01-04:13398.0,2026-01-04,none,"Your baseline safe-to-pay amount of ZAR 13,398 covers the full investment request. As you are comfortable with full payment, this is the most cost-effective option."
request_160,568.33,affordable_with_plan,installments,2024-06-13:432.05|2024-07-14:432.05|2024-08-14:432.05,2024-07-15,none,"Your baseline safe-to-pay amount of EUR 568.33 is insufficient for the full payment of EUR 1,246.30 today. However, you can afford the travel request by choosing the 3-month installment plan (payment_option_454), which fits within your desired completion date and is a method you are willing to consider."
request_161,0,not_affordable,not_recommended,none,,none,"The requested amount of IDR 21,204,000 is not affordable because the 90-day balance forecast indicates a significant deficit (min_balance_90days: -31,388,143.98). Even with the confirmed salary increase on 2025-11-15, the baseline safe-to-pay amount remains 0.0, and no viable payment plan or spending reduction can bridge the projected shortfall."
request_162,982943.28,not_affordable,not_recommended,none,,none,"The requested amount of IDR 83,923,000 significantly exceeds the safe payment capacity of IDR 982,943.28. Even with the confirmed salary increase effective 2026-07-15, the projected cash flow does not support the full payment or available installment plans within the desired timeframe, and partial payment is not permitted."
request_163,7291763.91,affordable_with_plan,installments,2024-09-10:6692053.33|2024-10-11:6692053.33|2024-11-11:6692053.33,2024-11-20,none,"The requested amount of IDR 19,304,000 exceeds the baseline safe-to-pay amount of IDR 7,291,763.91. An installment plan (payment_option_462) is available and affordable, with the first payment on 2024-09-10 and completion by 2024-11-11, which is within the desired completion date of 2024-11-15. Full payment is not safe until 2024-11-20."
request_164,27018000,affordable_now,not_recommended,none,2025-02-04,none,"The requested amount of IDR 27,018,000 is fully covered by the baseline safe-to-pay amount of IDR 27,018,000. As the full payment is affordable today and the user considers full payment, it is recommended to pay in full immediately to avoid financing fees associated with installment options."
request_165,80600,affordable_now,full_payment,2026-04-06:80600.0,2026-04-06,none,"Your current balance and 90-day forecast confirm that the full amount of INR 80,600 is safe to pay today. Although your employment has ended, your current available balance is sufficient to cover this expense while maintaining your required minimum balance."
request_166,2907.6,affordable_now,not_recommended,none,2024-12-03,none,"The baseline safe amount of 2907.60 covers the full requested amount. Since full payment is safe and the user's profile allows for it, full payment is recommended to avoid financing fees."
request_167,43802,affordable_now,full_payment,2025-05-05:43802.0,2025-05-05,none,"The baseline safe amount of 43,802.00 covers the full requested rental deposit. As full payment is a preferred method and is safe to execute today, it is the recommended approach."
request_168,30006.04,affordable_with_plan,partial_payment,2026-01-07:30006.04|2026-02-15:19373.96,2026-02-15,none,"The baseline safe amount of INR 30,006.04 is insufficient for the full deposit of INR 49,380.00. However, partial payment is allowed and the remainder can be covered by the earliest date for full payment (2026-02-15), which falls before the desired completion date of 2026-03-16."
request_169,41976,affordable_now,full_payment,2024-03-04:41976.0,2024-03-04,none,"Your baseline safe-to-pay amount of ZAR 41,976 covers the full course fee. As you are willing to use full payment, this is the most cost-effective option."
request_170,12804480,affordable_with_plan,installments,2025-08-06:12804480|2025-09-03:12804480|2025-10-01:12804480,2025-09-15,none,"The requested amount of IDR 36,936,000 exceeds the safe baseline of IDR 29,844,583.72. Partial payment is not allowed. The installment plan (payment_option_483) is affordable, fits within the 6-month limit, and completes by the desired date of 4 October 2025."
request_171,26.38,not_affordable,not_recommended,none,,none,"The requested amount of 1878.80 exceeds the safe-to-pay baseline of 26.38. Installments are not viable as the 18-month plan exceeds the 4-month limit, and partial payment is not permitted by the request. Spending changes are insufficient to bridge the gap, and no full payment date is projected within 90 days."
request_172,8628.08,affordable_with_plan,partial_payment,2024-06-05:8628.08|2024-07-15:1571.92,2024-07-15,none,"The requested amount of 10,200 ZAR exceeds the safe baseline of 8,628.08 ZAR. However, partial payment is allowed and the remainder can be covered by the earliest date for full payment (2024-07-15), which aligns with your desired completion date."
request_173,39173.33,affordable_with_plan,installments,2025-11-21:39173.33|2025-12-19:39173.33|2026-01-16:39173.33,,none,"Your baseline safe-to-pay amount of 53,163.15 is insufficient for a full payment of 113,000.00. However, you can afford the requested amount through a 3-month installment plan (payment_option_491), which fits within your desired completion date and is a preferred payment method."
request_174,1146.2,affordable_now,not_recommended,none,2026-04-04,none,"The requested amount of 1146.20 is within the safe baseline of 1146.20. As full payment is safe and the user's profile allows for it, a single payment is recommended."
request_175,2346.3,affordable_now,full_payment,2024-09-06:2346.3,2024-09-06,none,"The baseline safe amount of 2346.30 covers the full requested amount. Since full payment is a preferred method and is safe to execute on the request date, it is the recommended action."
request_176,487.93,affordable_later,wait,2025-02-20:1239.7,2025-02-20,none,"The requested amount of 1239.70 exceeds the safe-to-pay baseline of 487.93. While installments are available, waiting until 2025-02-20 allows for a full payment without financing fees or spending changes, which meets the desired completion date of 2025-02-27."
request_177,1017.6,affordable_now,full_payment,2026-01-05:1017.6,2026-01-05,none,"Your current available balance of USD 2,987.24, even after accounting for the payroll reduction mentioned in your employer's message, is sufficient to cover the full requested amount of USD 1,017.60 while maintaining your required minimum balance."
request_178,2938.1,affordable_now,not_recommended,none,2024-12-07,none,"Your baseline safe-to-pay amount of EUR 2,938.10 covers the full requested investment amount. As you have sufficient funds available today to meet your minimum balance requirements, a full payment is recommended."
request_179,6293437.84,affordable_later,wait,2025-07-15:41648000.0,2025-07-15,none,"The requested amount of IDR 41,648,000 exceeds the safe baseline of IDR 6,293,437.84. While installments are available, they increase the total cost. The full amount is safely payable by the desired completion date of 2025-07-15, making waiting the most cost-effective option."
request_180,66500,affordable_now,full_payment,2026-07-06:66500.0,2026-07-06,none,"Your baseline safe-to-pay amount of INR 66,500 covers the full requested amount. As you are willing to consider full payment, this is the most efficient option to clear the debt immediately without incurring additional financing fees."
request_181,379.1,not_affordable,not_recommended,none,,none,"The requested investment of 5059.20 exceeds the safe-to-pay baseline of 379.10. Even with available installment options, the total cost is significantly higher and the required duration exceeds the 12-month limit when considering the current financial forecast. No full payment is projected within the next 90 days."
request_182,65714,affordable_now,full_payment,2025-08-05:65714.0,2025-08-05,none,"The requested amount of ZAR 65,714 is within the safe baseline of ZAR 65,714. You can afford to make the full payment today without impacting your essential expenses or minimum balance requirements."
request_183,9313546.67,affordable_with_plan,installments,2026-04-10:9313546.67|2026-05-10:9313546.67|2026-06-09:9313546.67,2026-06-15,none,"The requested amount of IDR 26,866,000 exceeds the safe baseline of IDR 22,695,931.96. Installment option 521 is affordable, fits within the 11-month limit, and completes before the desired date of 18 June 2026."
request_184,6022.3,not_affordable,not_recommended,none,,none,"The requested amount of 251,900 INR significantly exceeds the safe payment baseline of 6,022.30 INR. Available installment plans exceed the maximum duration of 2 months, and partial payment is not permitted by the lender. Therefore, the request is not affordable."
request_185,300.68,affordable_later,wait,2026-01-15:1257.3,2026-01-15,none,"The requested amount of 1257.30 exceeds the safe-to-pay baseline of 300.68. Full payment is not currently affordable, and you have indicated you only wish to consider full payment. The earliest date for full payment is 2026-01-15, which aligns with your desired completion date."
request_186,3394.95,not_affordable,not_recommended,none,,none,"Your safe-to-pay amount of ZAR 3,394.95 is insufficient for the requested investment of ZAR 26,554.00. Even with available spending reductions, the total amount remains unaffordable within the 90-day forecast, and no installment plans meet the required duration criteria."
request_187,36978.63,affordable_later,wait,2024-11-15:187500.0,2024-11-15,none,"The requested amount of INR 187,500 exceeds the current safe-to-pay baseline of INR 36,978.63. While installments are available, they exceed the 2-month maximum installment duration constraint. Full payment is safe by the desired completion date of 2024-11-15, making waiting the most recommended path."
request_188,46.25,not_affordable,not_recommended,none,,none,"The requested amount of 2464.00 EUR exceeds the safe-to-pay baseline of 46.25 EUR. Even with all available spending changes, the headroom is insufficient to cover the request, and no installment plan meets the criteria within the 7-month limit."
request_189,488.4,affordable_now,full_payment,2026-07-04:488.4,2026-07-04,none,"The requested amount of 488.40 EUR is within the safe-to-pay baseline of 488.40 EUR. As the user considers full payment, this is the most efficient option."
request_190,498.18,affordable_later,wait,2025-02-15:2557.5,,none,"Your current safe-to-pay amount of 498.18 EUR is insufficient for the full purchase of 2557.50 EUR. As you only consider full payment and no installment options are suitable, you are advised to wait until you have accumulated sufficient funds to complete the purchase by your desired date of 15 February 2025."
request_191,664.4,affordable_now,full_payment,2025-05-03:664.4,2025-05-03,none,"Your current financial baseline allows for the full investment amount of 664.40 EUR today while maintaining your required minimum balance. Since full payment is within your preferred methods and is the most cost-effective option, it is recommended."
request_192,155.32,not_affordable,not_recommended,none,2026-05-12,none,"The requested amount of 2,046.00 exceeds the safe payment capacity of 155.32. Installment options are not viable as they exceed the maximum installment duration of 7 months, and the earliest date for full payment (2026-05-12) is after the desired completion date."
request_193,18.7,affordable_with_plan,installments,2024-03-21:420.23|2024-04-21:420.23|2024-05-22:420.23,2024-04-15,none,"The requested amount of 1212.20 exceeds the safe baseline of 18.70. Installment plan payment_option_549 is affordable, fits within the 8-month limit, and completes by the desired date."
request_194,32573.99,affordable_later,wait,2025-10-23:132800.0,2025-10-23,none,"Your baseline safe-to-pay amount of INR 32,573.99 is insufficient to cover the requested INR 132,800 deposit immediately. As you only consider full payment and partial payments are not allowed, you cannot afford this today. However, you can safely afford the full amount by your desired completion date of 2025-10-23."
request_195,405.74,affordable_with_plan,installments,2026-01-09:405.74|2026-02-08:405.74|2026-03-10:405.74,2026-03-15,none,"The requested amount of 1170.40 exceeds the safe baseline of 955.27. Installment option 555 is affordable, fits within the 5-month limit, and completes by the desired date of 2026-03-11."
request_196,762.3,affordable_now,full_payment,2024-06-03:762.3,2024-06-03,none,Your current available balance of EUR 1575.65 allows for the full payment of EUR 762.30 today while maintaining your required minimum balance of EUR 500.00 and covering upcoming expenses.
request_197,0,affordable_with_plan,installments,2025-11-19:17658853.33|2025-12-17:17658853.33|2026-01-14:17658853.33,,none,"The baseline safe amount is 0 due to a projected 90-day deficit. However, the user is willing to consider installments. Payment option 562 is affordable within the 12-month limit and completes by the desired date, whereas full payment is not currently safe."
request_198,185800,affordable_now,full_payment,2026-07-07:185800.0,2026-07-07,none,"Your current available balance and 90-day forecast confirm that you can safely afford the full payment of INR 185,800 today while maintaining your required minimum balance."
request_199,23674000,affordable_now,not_recommended,none,2024-09-04,none,"The requested amount of IDR 23,674,000 is fully covered by the baseline safe-to-pay amount of IDR 23,674,000. As the full payment is safe on the request date and the user's profile allows for full payment, this is the most cost-effective option."
request_200,21717000,affordable_now,full_payment,2025-02-06:21717000.0,2025-02-06,none,"The requested amount of IDR 21,717,000 is fully covered by the baseline safe-to-pay amount of IDR 21,717,000. As the user considers full payment, this is the recommended and most cost-effective option."
request_201,23997000,affordable_now,full_payment,2026-04-03:23997000.0,2026-04-03,none,"The requested amount of IDR 23,997,000 is within the safe baseline of IDR 23,997,000. Full payment is affordable today without impacting your minimum balance requirements or requiring spending changes."
request_202,123900,affordable_now,full_payment,2024-12-05:123900.0,2024-12-05,none,"The requested amount of 123,900 is within the safe-to-pay baseline of 123,900. As the user prefers full payment and it is affordable today, a full payment is recommended."
request_203,1442.1,affordable_now,not_recommended,none,2025-05-07,none,"The baseline safe amount of 1442.10 covers the full requested amount. Since the user's profile indicates they can afford this, a full payment is recommended as it avoids financing fees associated with installment options."
request_204,588.74,affordable_with_plan,full_payment,2026-01-15:588.74,2026-01-15,none,"While the baseline safe amount is 552.64, the confirmed salary credit on 2026-01-15 allows for the full payment of 588.74 by the desired completion date of 2026-01-31. Waiting until 2026-01-15 is the most efficient path."
request_205,10621000,affordable_now,full_payment,2024-03-06:10621000.0,2024-03-06,none,"Your current available balance and 90-day forecast confirm that you can safely pay the full amount of IDR 10,621,000 today without compromising your financial priorities or protected expenses."
request_206,1404.7,affordable_now,not_recommended,none,2025-08-03,none,"Your baseline safe-to-pay amount of 1404.70 EUR covers the full requested amount of 1404.70 EUR on the request date. Therefore, a full payment is affordable now."
request_207,4240.32,affordable_later,wait,2026-07-15:11830.0,2026-07-15,none,"The baseline safe amount of 4,240.32 is insufficient for the full request of 11,830.00 today. However, the full amount becomes safe to pay on 2026-07-15, which is before your desired completion date of 2026-07-24. Therefore, waiting until 2026-07-15 is the recommended path to complete the full request without incurring financing fees."
request_208,3030038.7,affordable_later,wait,2024-06-15:4413000.0,2024-06-15,none,"The requested amount of IDR 4,413,000 exceeds the safe-to-pay baseline of IDR 3,030,038.7. However, full payment is safe by 2024-06-15, which is before the desired completion date of 2024-07-13. Therefore, waiting until 2024-06-15 is the recommended approach."
request_209,1499.71,not_affordable,not_recommended,none,,none,"The requested amount of ZAR 56,914 exceeds your safe payment capacity of ZAR 1,499.71. Since partial payments are not allowed for this request and no full payment is forecasted within 90 days, the request is not currently affordable."
request_210,972.71,affordable_with_plan,partial_payment,2026-04-06:972.71|2026-04-15:387.31,2026-04-15,none,"Your baseline safe-to-pay amount of 972.71 is less than the requested 1360.02. However, you can afford the full amount by 2026-04-15. Since you allow partial payments, a split payment is recommended to cover the expense by your desired completion date without incurring financing fees associated with installment plans."
request_211,248.15,affordable_later,wait,2024-11-15:1788.6,2024-11-15,none,"The baseline safe amount of 248.15 is insufficient for the full payment of 1788.60. Installments are not viable as the plan duration exceeds the 8-month limit. However, the full amount is safe to pay by the desired completion date of 2024-11-15, making waiting the recommended approach."
request_212,3323932.56,not_affordable,not_recommended,none,,none,"The requested amount of IDR 71,934,000 significantly exceeds the safe-to-pay baseline of IDR 3,323,932.56. No installment plan meets the criteria of being completed within the 11-month limit, and partial payment is not viable as there is no projected date for full payment within 90 days."
request_213,3362.4,affordable_now,not_recommended,none,2026-01-07,none,"The requested amount of 3362.4 is within the safe-to-pay baseline of 3362.4. Although the employer message indicates a loss of future income, the current balance and 90-day forecast confirm that the full amount can be paid immediately while maintaining the required minimum balance."
request_214,36925.54,affordable_with_plan,partial_payment,2024-12-04:36925.54|2025-01-15:32824.46,2025-01-15,none,"The requested amount of 69,750 INR exceeds the safe-to-pay baseline of 36,925.54 INR. However, partial payment is allowed and the remainder can be covered by 2025-01-15, which is before your desired completion date of 2025-01-28. This is preferred over installments as it avoids financing fees."
request_215,29986,affordable_now,not_recommended,none,2025-05-06,none,"Your baseline safe-to-pay amount of ZAR 29,986 covers the full requested investment amount. As you have sufficient funds available today, a full payment is recommended."
request_216,463.31,not_affordable,not_recommended,none,,none,"The requested amount of USD 3,332.40 exceeds the safe-to-pay baseline of USD 463.31. Even accounting for the salary increase effective 2026-07-15, the user's preference for full payment cannot be met, and no other payment methods are considered acceptable by the user."
request_217,12889.07,affordable_with_plan,installments,2024-03-19:12889.07|2024-04-19:12889.07|2024-05-20:12889.07,2024-05-15,none,"The requested amount of 37,180 ZAR exceeds the safe baseline of 19,116.13 ZAR. An installment plan is available that fits within the desired completion date and the user's preference for installments, allowing for the full request to be met without requiring spending changes."
request_218,24084897.74,affordable_with_plan,installments,2025-08-07:21195893.33|2025-09-04:21195893.33|2025-10-02:21195893.33,2025-09-15,none,"The requested amount of IDR 61,142,000 exceeds the safe baseline of IDR 24,084,897.74. However, an installment plan (payment_option_625) is available that fits within the 8-month limit and completes by the desired date. Full payment is not safe until 2025-09-15, which is within the desired completion window, but the installment plan allows for immediate purchase."
request_219,0,affordable_with_plan,installments,2026-04-07:580.01|2026-05-07:580.01|2026-06-06:580.01,,none,"The baseline safe amount is 0.0 due to projected future commitments, making full payment unaffordable. However, the 3-payment installment plan (payment_option_628) is affordable as it fits within the 5-month limit and the first payment is before the desired completion date."
request_220,51.68,not_affordable,not_recommended,none,,none,"Your baseline safe-to-pay amount is EUR 51.68, which is insufficient to cover the requested EUR 3,118.50. Even with available installment options, the required payments exceed your current and projected financial capacity, and no full payment date is forecasted within 90 days."
request_221,109800,affordable_now,full_payment,2025-11-03:109800.0,2025-11-03,none,"The requested amount of INR 109,800 is within the safe-to-pay baseline of INR 109,800. As the user is willing to consider full payment and it is affordable today, full payment is recommended."
request_222,34078,affordable_now,full_payment,2026-01-05:34078.0,2026-01-05,none,"The requested amount of ZAR 34,078 is fully covered by the baseline safe-to-pay amount of ZAR 34,078. As the user considers full payment and it is affordable today, this is the recommended path."
request_223,898.7,affordable_now,full_payment,2024-09-07:898.7,2024-09-07,none,The requested amount of 898.70 EUR is within your safe-to-pay baseline of 898.70 EUR. You have sufficient funds available to complete the full payment today while maintaining your required minimum balance.
request_224,9787169.92,affordable_with_plan,partial_payment,2025-02-04:9787169.92|2025-02-15:539830.08,2025-02-15,none,"The requested amount of IDR 10,327,000 exceeds the safe baseline of IDR 9,787,169.92. However, partial payment is allowed and the remainder can be covered by the earliest date for full payment (2025-02-15), which is well within the desired completion date of 2025-03-16."
request_225,7647120,affordable_with_plan,installments,2026-07-20:7647120|2026-08-19:7647120|2026-09-18:7647120,2026-09-15,none,"The requested amount of IDR 22,059,000 exceeds the safe baseline of IDR 9,485,739.27. Installment option 647 is affordable, fits within the 4-month limit, and completes by the desired date of 2026-09-21."
request_226,157000,affordable_with_plan,full_payment,2024-12-03:157000.0,2024-12-03,none,"The employer confirmed a one-time arrears adjustment of INR 117,000, which increases your available funds. This additional income raises your safe-to-pay capacity above the requested amount of INR 157,000, making a full payment affordable today."
request_227,6591.02,not_affordable,not_recommended,none,,none,"The requested amount of INR 259,700 exceeds the safe payment capacity of INR 6,591.02. No full payment is projected within 90 days, and the user does not consider installments. Partial payment is not permitted for this request."
request_228,31559135.95,not_affordable,not_recommended,none,,none,"The baseline safe amount is IDR 1,159,135.95. Including the confirmed salary of IDR 30,400,000 on 2026-04-15, the total safe amount is IDR 31,559,135.95. This is insufficient to cover the requested investment of IDR 63,327,000. No installment plans meet the criteria, and full payment is not possible within the 90-day forecast."
request_229,502.38,affordable_with_plan,installments,2024-03-18:529.29|2024-04-18:529.29|2024-05-19:529.29,2024-05-15,none,The requested amount of 1526.80 exceeds the safe baseline of 502.38. An installment plan is available that fits within the 4-month limit and completes by the desired date of 2024-05-23. Payment option 659 is selected as it is the most efficient installment plan.
request_230,3537.6,affordable_now,full_payment,2025-08-06:3537.6,2025-08-06,none,"The requested amount of EUR 3,537.60 is fully covered by the baseline safe-to-pay amount. Despite the reduction in monthly salary reported by your employer, your current available balance and projected cash flow remain sufficient to support the full payment today without compromising your minimum balance or protected expenses."
request_231,30797.36,affordable_with_plan,installments,2026-01-06:12378.08|2026-02-05:12378.08|2026-03-07:12378.08,2026-03-15,none,"The requested amount of ZAR 35,706 exceeds the safe baseline of ZAR 30,797.36. However, the user is willing to consider installments. Payment option 666 is affordable, with three payments of ZAR 12,378.08 starting on 2026-01-06, which fits within the 11-month limit and completes before the desired date."
request_232,432.67,not_affordable,not_recommended,none,,none,"The requested amount of EUR 1,970.10 exceeds the safe-to-pay baseline of EUR 432.67. Even with the upcoming salary increase on 2024-06-15, the precomputed forecast indicates no safe date for full payment within 90 days, and available installment plans exceed the maximum allowed duration of 8 months."
request_233,0,affordable_with_plan,installments,2025-11-14:3245320|2025-12-15:3245320,,none,"The baseline safe-to-pay amount is 0.0 due to projected negative balances over the next 90 days. However, the installment plan (payment_option_673) is affordable as it fits within the user's preferences and the desired completion date, despite the financing fee."
request_234,172.27,affordable_later,wait,2026-09-15:1213.3,2026-09-15,none,"The requested amount of 1213.30 exceeds the safe-to-pay baseline of 172.27. Since partial payments are not allowed and no installment plans are acceptable, the full amount can be safely paid by the desired completion date of 2026-09-15."
request_235,967.2,affordable_now,full_payment,2024-09-06:967.2,2024-09-06,none,"Your current available balance of USD 2,086.28, after accounting for your minimum balance requirement, supports the full payment of USD 967.20 immediately. This is the most cost-effective option as it avoids financing fees associated with installment plans."
request_236,5466308.13,not_affordable,not_recommended,none,,none,"The requested amount of IDR 52,383,000 exceeds the safe payment capacity of IDR 5,466,308.13. Additionally, there is no projected date within the next 90 days where a full payment becomes safe, and partial payment is not viable as the remainder cannot be covered by the desired completion date."
request_237,23826000,affordable_now,full_payment,2026-04-05:23826000.0,2026-04-05,none,"The requested amount of IDR 23,826,000 is fully covered by the baseline safe-to-pay amount of IDR 23,826,000. As the user considers full payment and it is affordable today, this is the recommended option."
request_238,663.6,affordable_now,not_recommended,none,2024-12-07,none,"The baseline safe amount of 663.60 covers the full requested amount. Since the user is able to pay the full amount today and it is within the safe threshold, full payment is recommended."
request_239,642,affordable_now,full_payment,2025-05-04:642.0,2025-05-04,none,"Your baseline safe-to-pay amount is 642.0, which covers the full requested investment amount of 642.0. As you are willing to use full payment, this is the most cost-effective option."
request_240,13327.04,not_affordable,not_recommended,none,,none,"Your safe-to-pay amount of INR 13,327.04 is significantly lower than the requested INR 101,200. Even with the upcoming salary credit on 2026-01-15, your 90-day balance forecast does not support full payment within the desired completion date. Partial payment is not viable as the remainder cannot be covered by 2026-03-20, and you have not indicated willingness to use installment plans."
request_241,21052000,affordable_now,not_recommended,none,2024-03-03,none,"The requested amount of IDR 21,052,000 is fully covered by the baseline safe-to-pay amount of IDR 21,052,000. As the user's profile allows for full payment and it is safe to pay today, full payment is the recommended option."
request_242,0,not_affordable,not_recommended,none,,none,"The requested amount of 1966.80 EUR exceeds the safe payment capacity of 0.00 EUR. Even with the confirmed salary of 968.00 EUR on 2025-08-15, the 90-day balance forecast remains negative, indicating that the requested repayment is not affordable at this time."
request_243,17468,affordable_now,full_payment,2026-07-07:17468.0,2026-07-07,none,"Your baseline safe-to-pay amount of ZAR 17,468 covers the full requested amount. Since you are willing to use full payment, this is the most efficient option to complete the request immediately."
request_244,49918,affordable_now,full_payment,2024-06-04:49918.0,2024-06-04,none,"Your baseline safe-to-pay amount is 49,918.0 ZAR, which covers the full requested amount. Therefore, a full payment today is affordable and recommended."
request_245,21704.79,not_affordable,not_recommended,none,,none,"The requested amount of INR 128,500 exceeds the safe-to-pay baseline of INR 21,704.79. Installments are not viable as the 15-month plan exceeds the 7-month limit, and partial payment is not permitted by the provider. No full payment is projected within the 90-day window."
request_246,64086,affordable_now,not_recommended,none,2026-04-03,none,"The baseline safe amount of ZAR 64,086 covers the full request. Although the employer message indicates employment has ended, the precomputed 90-day balance forecast already accounts for this change, confirming that a full payment on the request date remains safe."
request_247,1059.3,affordable_now,full_payment,2024-09-05:1059.3,2024-09-05,none,"The requested amount of 1059.30 EUR is within the safe baseline of 1059.30 EUR. As the user considers full payment and it is affordable today, this is the recommended path."
request_248,1184.57,affordable_with_plan,partial_payment,2025-02-07:1184.57|2025-02-20:781.03,2025-02-20,none,"Your baseline safe-to-pay amount is 1184.57, which is less than the requested 1965.60. However, you can afford the full amount by 2025-02-20. A partial payment plan is recommended, allowing you to pay 1184.57 today and the remaining 781.03 on 2025-02-20, which is well within your desired completion date."
request_249,120.35,affordable_later,wait,2026-03-15:643.2,2026-03-15,none,"The requested amount of 643.20 exceeds the safe-to-pay baseline of 120.35. While installments are available, they incur a financing fee and exceed the 6-month limit. Full payment is safe by 2026-03-15, which aligns with your desired completion date."
request_250,14989.13,not_affordable,not_recommended,none,,none,"Your safe-to-pay amount of ZAR 14,989.13 is significantly lower than the requested ZAR 124,278.00. Even with the confirmed salary increase, the 90-day forecast indicates that a full payment or the available installment plans are not sustainable without compromising your required minimum balance. Partial payment is not viable as the remainder cannot be covered by your desired completion date."
request_251,1513.6,affordable_now,not_recommended,none,2025-05-03,none,"Your baseline safe-to-pay amount of 1513.60 covers the full requested amount of 1513.60 on the request date. As full payment is safe and within your budget, it is recommended to pay in full today."
request_252,3738960.27,affordable_later,wait,2026-09-15:28082000.0,2026-09-15,none,"The requested amount of IDR 28,082,000 exceeds the safe-to-pay baseline of IDR 3,738,960.27. As you only consider full payment and the earliest date for a safe full payment is 2026-09-15, which falls within your desired completion date, waiting is the recommended approach."
request_253,1344.26,affordable_with_plan,installments,2024-03-21:984.60|2024-04-21:984.60|2024-05-22:984.60,2024-05-15,none,"The requested amount of 2840.20 exceeds the safe baseline of 1344.26. An installment plan (payment_option_729) is available and fits within the 5-month limit and desired completion date, making it the most suitable option."
request_254,602.67,affordable_later,wait,2025-10-15:3535.2,2025-10-15,none,"The requested amount of 3,535.20 exceeds the safe-to-pay baseline of 602.67. While installments are available, they incur significant financing fees. Full payment is safe by the desired completion date of 2025-10-15, making waiting the most cost-effective option."
request_255,3345000,affordable_now,full_payment,2026-04-06:3345000.0,2026-04-06,none,"Your baseline safe-to-pay amount of IDR 3,345,000 covers the full requested amount today. As you are willing to consider full payment, this is the most efficient option."
request_256,148766.79,affordable_with_plan,installments,2024-06-10:75816|2024-07-11:75816|2024-08-11:75816,2024-07-15,none,"The requested amount of 218,700 exceeds the safe baseline of 148,766.79. However, the installment plan (payment_option_737) is affordable, fits within the 3-month limit, and completes by the desired date of 2024-08-19."
request_257,325.73,affordable_later,wait,2026-01-15:1352.4,2026-01-15,none,"The requested amount of 1352.40 exceeds the current safe-to-pay baseline of 325.73. Since partial payments are not allowed and the user's profile does not include installments, the full amount can only be safely paid on 2026-01-15, which aligns with the desired completion date."
request_258,1113.6,affordable_now,full_payment,2026-01-07:1113.6,2026-01-07,none,"Your baseline safe-to-pay amount of 1113.60 covers the full requested investment amount of 1113.60 while maintaining your minimum balance requirements. Therefore, a full payment today is affordable."
request_259,248.98,affordable_later,wait,2024-11-15:935.0,2024-11-15,none,"The requested amount of 935.00 EUR exceeds the safe-to-pay baseline of 248.98 EUR. As you only consider full payment and no installment plan is viable, waiting until 2024-11-15 is the recommended path, as full payment becomes safe by that date."
request_26,15656000,affordable_now,full_payment,2025-08-03:15656000.0,2025-08-03,none,"Your current available balance and 90-day forecast confirm that you can safely afford the full requested amount of IDR 15,656,000 today without impacting your protected expenses or minimum balance requirements."
request_260,6118472.68,not_affordable,not_recommended,none,,none,"Your safe-to-pay amount of IDR 6,118,472.68 is insufficient to cover the requested IDR 52,079,000.00. Additionally, there is no projected date within the next 90 days where a full payment becomes safe, and you have not indicated a willingness to use installment plans."
request_261,1830.4,affordable_now,full_payment,2026-07-03:1830.4,2026-07-03,none,"Your current available balance of EUR 4,718.96, after accounting for your minimum balance requirement, supports the full payment of EUR 1,830.40 today. This amount is within your safe-to-pay baseline."
request_262,9236000,affordable_now,full_payment,2024-12-05:9236000.0,2024-12-05,none,"The requested amount of IDR 9,236,000 is fully covered by the baseline safe-to-pay amount of IDR 9,236,000. Despite the employer notification regarding a reduction in household income, the current balance and 90-day forecast confirm that a full payment on the request date is affordable."
request_263,5328.08,not_affordable,not_recommended,none,,none,"The requested amount of ZAR 51,546 exceeds your safe payment capacity of ZAR 5,328.08. Even with potential spending adjustments, you cannot reach the full amount by the desired completion date of 15 June 2025, and no full payment date is projected within the 90-day forecast."
request_264,22423.98,affordable_later,wait,2026-06-15:111300.0,2026-06-15,none,"The requested amount of INR 111,300 exceeds the safe-to-pay baseline of INR 22,423.98. Installment options exceed the maximum installment duration of 10 months. Full payment is safe by the desired completion date of 2026-06-15, making waiting the recommended path."
request_265,45970,affordable_now,full_payment,2024-03-06:45970.0,2024-03-06,none,"The requested amount of 45,970 is within the safe baseline of 45,970. Although your employer indicated the end of a seasonal contract, the 90-day balance forecast already accounts for this change, confirming that a full payment today is safe."
request_266,763.3,affordable_with_plan,installments,2025-08-03:324.13|2025-08-31:324.13|2025-09-28:324.13,2025-09-15,none,"The requested amount of 935.00 exceeds the safe baseline of 763.30. Since partial payment is not allowed, an installment plan is the most suitable option. Payment option 764 allows for three payments starting on 2025-08-03, which completes the investment by the desired date of 2025-10-03 and fits within the 10-month limit."
request_267,1605.98,affordable_with_plan,installments,2026-01-08:667.33|2026-02-07:667.33|2026-03-09:667.33,2026-03-15,none,The requested amount of 1925.00 exceeds the safe baseline of 1605.98. An installment plan is available that fits within the 3-month limit and completes before the desired date of 17 March 2026. This is preferred over waiting until 15 March 2026 for a full payment.
request_268,841.22,affordable_with_plan,installments,2024-06-14:841.22|2024-07-15:841.22|2024-08-15:841.22,2024-07-15,none,"The requested amount of 2426.60 exceeds the safe baseline of 1024.69. An installment plan (payment_option_770) is available that fits within the 4-month limit and completes by the desired date of 2024-08-15. Full payment is not safe today, but is possible by 2024-07-15."
request_269,0,not_affordable,not_recommended,none,,none,"The baseline safe amount is 0.0 due to a projected 90-day deficit of ZAR 57,434.09. Even with the confirmed salary of ZAR 38,280 on 2025-11-15, the long-term forecast remains negative, making the requested transfer of ZAR 15,490 unaffordable."
request_27,6670,affordable_now,full_payment,2026-07-05:6670.0,2026-07-05,none,"The requested amount of ZAR 6,670 is within the baseline safe-to-pay limit of ZAR 6,670. Full payment is affordable today without impacting your protected balance or requiring spending changes."
request_270,79.35,not_affordable,not_recommended,none,,none,"The requested amount of 3,028.80 exceeds the safe baseline of 79.35. Available installment plans exceed the maximum allowed duration of 7 months (18 and 24 months respectively), and partial payment is not permitted for this request. No combination of spending changes allows for full payment or a compliant installment plan."
request_271,4634.99,affordable_later,wait,2024-11-20:91300.0,2024-11-20,none,"The requested amount of INR 91,300 exceeds the safe-to-pay baseline of INR 4,634.99. Full payment is not currently affordable, and the earliest date for full payment (2024-11-20) falls after your desired completion date of 2024-11-15. Therefore, the request is not recommended at this time."
request_272,4709466.67,affordable_with_plan,installments,2025-02-12:4709466.67|2025-03-12:4709466.67|2025-04-09:4709466.67,2025-03-15,none,"The requested amount of IDR 13,585,000 exceeds the safe baseline of IDR 5,344,105.23. Installment plan payment_option_780 is affordable, fits within the 7-month limit, and completes by the desired date of 2025-04-10."
request_273,9362907.21,affordable_with_plan,partial_payment,2026-04-07:9362907.21|2026-04-15:6498092.79,2026-04-15,none,"The requested amount of 15,861,000 exceeds the safe baseline of 9,362,907.21. However, partial payment is allowed and the remainder can be covered by 2026-04-15, which is well within the desired completion date of 2026-06-15."
request_274,2055.59,affordable_with_plan,installments,2024-12-04:940.75|2025-01-04:940.75|2025-02-04:940.75,2025-02-15,none,"The requested amount of 2713.70 exceeds the safe baseline of 2055.59. Full payment is not safe until 2025-02-15, which is after the desired completion date. Installment option 785 is affordable, completes by 2025-02-04, and fits within the user's preferences."
request_275,15884000,affordable_now,full_payment,2025-05-06:15884000.0,2025-05-06,none,"The requested amount of IDR 15,884,000 is fully covered by the baseline safe-to-pay amount of IDR 15,884,000. As you are willing to consider full payment, this is the most cost-effective option."
request_28,172.31,not_affordable,not_recommended,none,,none,"The requested amount of EUR 1,302.40 exceeds the safe-to-pay baseline of EUR 172.31. Even with the confirmed salary increase of EUR 653.40, the precomputed 90-day forecast indicates that a full payment is not safe within the desired completion date, and the user only considers full payment as a method."
request_29,51524,affordable_now,full_payment,2025-11-04:51524.0,2025-11-04,none,"The requested amount of 51,524 ZAR is within the safe-to-pay baseline of 51,524 ZAR. Although your employer confirmed the end of your seasonal contract, your current available balance and 90-day forecast support a full payment today while maintaining your required minimum balance."
request_30,775.2,affordable_now,not_recommended,none,2026-04-06,none,"The baseline safe amount of 775.20 covers the full requested amount on the request date, allowing for a full payment without impacting your minimum balance requirements."
request_31,2394535.04,affordable_later,wait,2024-11-15:18164000.0,2024-11-15,none,"The requested amount of IDR 18,164,000 exceeds the safe-to-pay baseline of IDR 2,394,535.04. Installment options are not viable as they exceed the 6-month limit. Full payment is safe by 2024-11-15, which is within your desired completion date."
request_32,12706.46,not_affordable,not_recommended,none,,none,"The requested amount of ZAR 40,018 exceeds the safe-to-pay baseline of ZAR 12,706.46. Even with the confirmed salary increase on 2025-02-15, the precomputed forecast indicates no date within 90 days where the full amount can be safely paid while maintaining your required minimum balance. Installment options are not considered as they are not in your preferred payment methods."
request_33,28254.56,not_affordable,not_recommended,none,,none,"The requested amount of INR 118,000 exceeds the safe payment capacity of INR 28,254.56. Even with all adjustable spending events stopped or reduced, the headroom remains insufficient to cover the full deposit, and no full payment is projected within the 90-day forecast."
request_34,129400,affordable_now,full_payment,2024-12-04:129400.0,2024-12-04,none,"Your current available balance of INR 559,752.50 is sufficient to cover the requested amount of INR 129,400.00 while maintaining your required minimum balance. As the full amount is safe to pay today, a full payment is recommended."
request_35,22437.68,affordable_later,wait,2026-01-15:212000.0,2026-01-15,none,"The requested amount of INR 212,000 exceeds the safe-to-pay baseline of INR 22,437.68. Full payment is not currently affordable, but the full amount becomes safe to pay by the desired completion date of 2026-01-15. Therefore, waiting until this date is the recommended approach."
request_36,552.64,not_affordable,not_recommended,none,,none,"The requested amount of USD 3,954 exceeds the safe-to-pay baseline of USD 552.64. Even accounting for the salary increase effective July 15, 2026, the projected balance does not support full payment or the available installment plans within the desired timeframe, and the user only considers full payment."
request_37,930584.46,not_affordable,not_recommended,none,,none,"The requested amount of IDR 14,649,000 exceeds the safe-to-pay baseline of IDR 930,584.46. Even accounting for the confirmed salary increase of IDR 9,490,500, the total available headroom remains insufficient to cover the full transfer while maintaining your required minimum balance. No viable installment or partial payment options are available that meet your criteria."
request_38,165.96,affordable_later,wait,2025-10-15:971.3,2025-10-15,none,"Your current safe-to-pay amount of 165.96 EUR is insufficient for the full 971.30 EUR request. As you only consider full payment and partial payments are not allowed, you cannot afford this today. However, you can afford the full amount by your desired completion date of 2025-10-15."
request_39,53164.99,affordable_later,wait,2026-06-15:208600.0,2026-06-15,none,"The requested amount of 208,600 INR exceeds the safe baseline of 53,164.99 INR. However, the full amount becomes safe to pay by the desired completion date of 2026-06-15, making waiting the most appropriate strategy."
request_40,328.51,not_affordable,not_recommended,none,,none,"Your baseline safe-to-pay amount of 328.51 EUR is insufficient to cover the 1,290.30 EUR course fee. Installment options are not viable as they exceed the 5-month maximum installment period allowed by your profile, and partial payment is not permitted for this request."
request_41,8588917.74,affordable_later,wait,2026-01-15:38760000.0,2026-01-15,none,"The requested amount of IDR 38,760,000 exceeds the safe baseline of IDR 8,588,917.74. Partial payment is not allowed for this request. Full payment is safe by the desired completion date of 2026-01-15, making the wait option the most appropriate path."
request_42,52100,affordable_now,full_payment,2026-01-05:52100.0,2026-01-05,none,"Your baseline safe-to-pay amount of INR 52,100 covers the full requested amount. As you have indicated a preference for full payment and it is affordable today, we recommend paying the full amount immediately."
request_43,8200968.59,affordable_later,wait,2024-11-15:43339000.0,2024-11-15,none,"Your current safe-to-pay amount of IDR 8,200,968.59 is insufficient for the full purchase price of IDR 43,339,000.00. While you have a confirmed salary increase on 2024-09-15, the baseline forecast already accounts for this and indicates that you will have sufficient funds to complete the full payment by 2024-11-15, which is within your desired completion date."
request_44,29702.05,not_affordable,not_recommended,none,,none,"The requested amount of INR 95,800 exceeds the safe-to-pay baseline of INR 29,702.05. Installment options are not viable as they exceed the maximum installment duration of 4 months (15 and 24 months respectively). Partial payment is not permitted by the provider, and no full payment date is projected within the 90-day forecast."
request_45,3258464.41,not_affordable,not_recommended,none,,none,"The requested amount of IDR 21,983,000 exceeds the safe-to-pay baseline of IDR 3,258,464.41. Even with the upcoming salary increase on 2026-07-15, there is no path to full payment within the 90-day forecast, and the available installment plan exceeds the maximum allowed duration of 4 months."
request_46,32979.5,affordable_with_plan,installments,2024-12-03:25714|2024-12-31:25714,2025-01-15,none,"The requested amount of 49,450 exceeds the safe baseline of 32,979.5. Full payment is not safe until 2025-01-15, which is after your desired completion date of 2025-01-09. Therefore, the installment plan (payment_option_125) is recommended as it allows you to complete the repayment within your timeframe."
request_47,38114000,affordable_now,full_payment,2025-05-05:38114000.0,2025-05-05,none,"Your baseline safe-to-pay amount of IDR 38,114,000 covers the full requested amount. As you are able to pay in full today, this is the most efficient option."
request_48,45700,affordable_now,full_payment,2026-07-25:45700.0,2026-07-25,none,"The requested amount of 45,700 INR is within the safe-to-pay baseline of 45,700 INR, allowing for a full payment today while maintaining the required minimum balance."
request_49,11902106.67,affordable_with_plan,installments,2024-03-18:11902106.67|2024-04-18:11902106.67|2024-05-19:11902106.67,2024-04-15,none,"The requested amount of IDR 34,333,000 exceeds the baseline safe amount of IDR 12,216,410.38. Installment plan payment_option_133 is affordable, fits within the 6-month limit, and completes by the desired date of 2024-05-22."
request_50,43900,affordable_now,full_payment,2025-08-06:43900.0,2025-08-06,none,"Your current available balance of INR 247,325.50, after accounting for your minimum balance requirement, supports the full payment of INR 43,900.00 today. Even with the reported reduction in household salary, your 90-day balance forecast remains sufficient to cover this expense."
request_51,2191000,affordable_now,full_payment,2026-01-03:2191000.0,2026-01-03,none,"The requested amount of IDR 2,191,000 is within the safe baseline of IDR 2,191,000. Full payment is affordable today."
request_52,28870,affordable_later,wait,2024-06-15:28870.0,2024-06-15,none,"While the baseline safe amount is 18720.48, the confirmed salary increase on 2024-06-15 allows for the full payment of 28870.0 by the desired completion date of 2024-07-09. Waiting until 2024-06-15 is the most efficient path to cover the full expense without incurring financing fees."
request_53,454.2,affordable_with_plan,installments,2025-11-21:589.06|2025-12-19:589.06|2026-01-16:589.06,2026-01-15,none,The requested amount of 1699.20 exceeds the safe baseline of 454.20. Installment plan payment_option_145 is affordable as it fits within the 12-month limit and completes by the desired date of 2026-01-20.
request_54,1544.16,not_affordable,not_recommended,none,,none,"The requested amount of ZAR 121,528 significantly exceeds the safe payment capacity of ZAR 1,544.16. Even with the confirmed salary increase from your employer, the 90-day forecast does not support full payment or the available installment plans within the desired timeframe, as the installment options exceed the 11-month limit or are not financially viable given the current balance constraints."
request_55,128606,affordable_with_plan,installments,2026-06-11:75781.33|2026-07-12:75781.33|2026-08-12:75781.33,2026-07-15,none,"The requested amount of 218,600 exceeds the safe baseline of 128,606. Installment option 151 is affordable, fits within the desired completion date, and is preferred over waiting until July 15 for a full payment."
request_56,611.84,affordable_with_plan,partial_payment,2025-02-03:611.84|2025-02-15:269.72,2025-02-15,none,"The requested amount of 881.56 exceeds the safe baseline of 611.84. However, partial payment is allowed and the remainder can be covered by the next salary on 2025-02-15, which is before the desired completion date of 2025-03-13."
request_57,12601.64,affordable_later,wait,2026-06-15:61446.0,2026-06-15,none,"The requested amount of ZAR 61,446 exceeds the current safe-to-pay baseline of ZAR 12,601.64. However, the full amount becomes affordable by the desired completion date of 2026-06-15. Therefore, waiting until that date is the recommended path."
request_58,16226000,affordable_now,full_payment,2024-12-07:16226000.0,2024-12-07,none,"Your baseline safe-to-pay amount of IDR 16,226,000 matches the requested amount. Despite the notification regarding a reduction in household income, the precomputed baseline already accounts for your 90-day balance forecast, confirming that a full payment today is affordable."
request_59,140600,affordable_now,not_recommended,none,2025-05-04,none,"Your baseline safe-to-pay amount of 140,600.00 covers the full requested investment amount. As you are able to pay the full amount today, this is the most cost-effective option."
request_60,108.86,affordable_later,wait,2026-02-15:199.89,2026-02-15,none,"The requested amount of 199.89 exceeds the safe-to-pay baseline of 108.86. While the user is willing to consider full payment, it is not currently affordable. The full amount can be safely paid by 2026-02-15, which is within the desired completion date of 2026-03-04. Therefore, waiting is the recommended path."
request_61,29062,affordable_now,not_recommended,none,2024-03-03,none,"The baseline safe amount of 29,062.00 covers the full requested amount. Although the employer message indicates a loss of future income, the current available balance and 90-day forecast confirm that a full payment today remains safe while maintaining the required minimum balance."
request_62,404.23,affordable_now,full_payment,2025-08-05:404.23,2025-08-05,none,"The baseline safe amount of 404.23 covers the full requested amount. As the user considers full payment, this is the most efficient option."
request_63,33841.63,not_affordable,not_recommended,none,,none,"The requested amount of INR 343,900 exceeds the safe payment capacity of INR 33,841.63. Additionally, there is no projected date within the 90-day forecast where a full payment becomes safe, and the available payment options do not meet your criteria for affordability."
request_64,0,not_affordable,not_recommended,none,,none,"The requested amount of INR 63,700 exceeds the safe-to-pay baseline of INR 0.0. A large pending debit of INR 79,679.26 due on 2024-06-10 significantly impacts liquidity, and the 90-day balance forecast indicates a potential deficit, making full payment or available installment plans unaffordable."
request_65,5652.91,not_affordable,not_recommended,none,,none,"The requested amount of ZAR 54,340 exceeds the safe-to-pay baseline of ZAR 5,652.91. Partial payment is not viable as the full amount cannot be covered within the 90-day forecast, and no installment plan is acceptable under your preferences. Therefore, the request is not affordable at this time."
request_66,22200,affordable_now,full_payment,2026-04-03:22200.0,2026-04-03,none,"Your baseline safe-to-pay amount of INR 22,200 covers the full requested amount. As you are willing to consider full payment, this is the most efficient option to complete the repair by your desired date."
request_67,280.7,affordable_later,wait,2024-11-15:2094.0,2024-11-15,none,"Your current safe-to-pay amount of 280.70 is insufficient for the full 2,094.00 request. While installments are available, they incur a significant financing fee of 376.86. Since you can afford the full amount by your desired completion date of 15 November 2024, waiting is the most cost-effective option."
request_68,1296.37,affordable_with_plan,installments,2025-02-14:725.09|2025-03-14:725.09|2025-04-11:725.09,2025-04-23,none,"Your baseline safe-to-pay amount of USD 1,296.37 is insufficient for the full payment of USD 2,091.60. The earliest date for a full payment is 2025-04-23, which falls after your desired completion date of 2025-04-16. Therefore, the installment plan (payment_option_187) is the most suitable option as it allows you to complete the repayment within your desired timeframe."
request_69,529.1,affordable_now,full_payment,2026-01-04:529.1,2026-01-04,none,"The baseline safe amount of 529.10 EUR covers the requested investment amount in full. Although there is a rent increase, the precomputed safe amount already accounts for the 90-day balance forecast, confirming that full payment today is affordable."
request_70,48956.4,affordable_later,wait,2025-02-15:243900.0,2025-02-15,none,"Your safe-to-pay balance of INR 48,956.40 is insufficient for the full payment of INR 243,900.00 today. While you requested a completion date of 2025-02-15, the available installment plans exceed the 12-month limit or significantly increase the total cost. Full payment becomes safe on 2025-02-15, which aligns with your desired completion date."
request_71,4100.35,not_affordable,not_recommended,none,,none,"The requested amount of IDR 21,451,000 significantly exceeds the safe-to-pay baseline of IDR 4,100.35. Even with the potential future income from your employer, the 90-day balance forecast does not support full payment or the available installment plan within the desired timeframe, and no full payment date is projected."
request_72,11330,affordable_now,full_payment,2026-07-05:11330.0,2026-07-05,none,"Your baseline safe-to-pay amount of ZAR 11,330 covers the full requested amount. As you are willing to use full payment, this is the most efficient option."
request_73,71400,affordable_now,full_payment,2023-01-20:71400.0,2023-01-20,none,"The baseline safe amount of 71,400 INR is sufficient to cover the full repair cost immediately. Although there is a rent increase, the current available balance and 90-day forecast confirm that a full payment today remains safe while maintaining the required minimum balance."
request_74,5010,affordable_now,full_payment,2025-08-04:5010.0,2025-08-04,none,"Your baseline safe-to-pay amount of ZAR 5,010 covers the full requested amount. As you are willing to use full payment, this is the most efficient option to complete your request immediately."
request_75,28270,affordable_now,not_recommended,none,2026-04-06,none,"Although your employment has ended, your current available balance of ZAR 145,867.87 is sufficient to cover the requested amount of ZAR 28,270.00 while maintaining your required minimum balance. As the baseline amount safe to pay is equal to the requested amount, full payment is affordable today."
request_76,964.09,affordable_later,wait,2024-06-29:4455.6,2024-06-29,none,"The requested amount of 4455.60 exceeds the safe baseline of 964.09. Since partial payments are not allowed for this request, the most viable option is to wait until 2024-06-29, when the full amount becomes safe to pay, which is well within the desired completion date of 2024-07-30."
request_77,58614.54,affordable_later,wait,2025-11-15:60700.0,2025-11-15,none,"The requested amount of 60,700 exceeds the safe-to-pay baseline of 58,614.54. Full payment is not currently affordable, and partial payment is not permitted. The earliest date for full payment is 2025-11-15, which falls after your desired completion date of 2025-11-14. Therefore, waiting until 2025-11-15 is the recommended path."
request_78,44430.28,affordable_later,wait,2025-11-15:50200.0,2025-11-15,none,"The requested amount of INR 50,200 exceeds the safe-to-pay baseline of INR 44,430.28. Since partial payments are not allowed and the earliest date for full payment (2025-11-15) is after your desired completion date of 2025-10-14, the purchase is not currently affordable. Waiting until 2025-11-15 is the recommended path."
request_79,306.67,not_affordable,not_recommended,none,,none,"The requested amount of 2151.60 EUR exceeds the safe-to-pay baseline of 306.67 EUR. Partial payment is not viable as the earliest date for full payment is not within the 90-day forecast, and installment options are not among the user's considered payment methods."
request_80,120410.81,affordable_later,wait,2025-02-20:217500.0,2025-02-20,none,"The requested amount of INR 217,500 exceeds the safe-to-pay baseline of INR 120,410.81. While installment options are available, they exceed the 3-month limit or are less efficient than waiting. Full payment is safe by 2025-02-20, which is within your desired completion date of 2025-02-21."
request_81,2076,affordable_now,full_payment,2026-07-03:2076.0,2026-07-03,none,"Your baseline safe-to-pay amount of 2076.0 covers the full requested amount. Even accounting for the upcoming rent increase mentioned in your messages, your current balance and 90-day forecast confirm that a full payment today is affordable and leaves sufficient funds for your protected expenses."
request_82,155.74,not_affordable,not_recommended,none,2025-02-20,none,"The requested amount of 1405.20 exceeds the safe-to-pay baseline of 155.74. Full payment is not possible until 2025-02-20, which is after your desired completion date of 2025-02-15. Installment options are available but exceed the 8-month maximum duration constraint."
request_83,0,not_affordable,not_recommended,none,,none,"The requested amount of INR 156,200 exceeds your safe-to-pay baseline of INR 0.0. Even with available installment options, the required number of payments exceeds your 10-month limit, and your current financial forecast does not support the full transfer amount within the desired timeframe."
request_84,95400,affordable_later,wait,2026-06-15:95400.0,2026-06-15,none,"Your current safe-to-pay amount of INR 20,039.77 is insufficient for the full payment of INR 95,400.00 today. However, you can afford the full amount by your desired completion date of 2026-06-15, when your financial forecast indicates sufficient funds will be available."
request_85,288805.73,not_affordable,not_recommended,none,,none,"The requested amount of IDR 19,304,000 significantly exceeds the safe-to-pay baseline of IDR 288,805.73. Partial payment is not allowed by the provider, and the available installment plan exceeds the maximum allowed duration of 2 months. No full payment is projected within the 90-day forecast."
request_86,46300,affordable_now,full_payment,2025-08-03:46300.0,2025-08-03,none,"Your current financial forecast indicates that you can safely afford the full payment of INR 46,300 today while maintaining your required minimum balance and protecting your essential expenses."
request_87,0,not_affordable,not_recommended,none,,none,"The requested amount of INR 487,900 exceeds your safe payment capacity of INR 0.0. Your 90-day balance forecast indicates a potential deficit, and even with the resumption of your salary on 2026-01-15, the projected balance does not support this expenditure within the desired timeframe."
request_88,10634.18,affordable_with_plan,installments,2024-06-14:9045.23|2024-07-15:9045.23|2024-08-15:9045.23,2024-07-15,none,"The requested amount of 26,092 ZAR exceeds the safe baseline of 10,634.18 ZAR. Installments are available and affordable, allowing for completion by the desired date of 2024-08-25. Full payment is not safe until 2024-07-15, which is within the desired completion window, but the installment plan (payment_option_245) is selected as it is a valid, considered method that meets all criteria."
request_89,9175775.43,affordable_with_plan,installments,2025-11-18:4768746.67|2025-12-16:4768746.67|2026-01-13:4768746.67,2026-01-15,none,"The requested amount of IDR 13,756,000 exceeds the safe baseline of IDR 9,175,775.43. An installment plan (payment_option_248) is available and affordable, fitting within the 3-month limit and completing before the desired date of 2026-01-15."
request_90,2560,affordable_now,full_payment,2026-07-06:2560.0,2026-07-06,none,"Your baseline safe-to-pay amount of ZAR 2,560 covers the full requested amount today. As you are willing to consider full payment, this is the most efficient option to clear the debt immediately without requiring spending changes."
request_91,444.84,affordable_later,wait,2024-11-15:1927.2,2024-11-15,none,"The baseline safe amount of 444.84 is insufficient for the full payment of 1927.20. Installments are not viable as the 21-payment plan exceeds the 6-month limit. However, a full payment is safe by the desired completion date of 2024-11-15."
request_92,34034,affordable_now,full_payment,2025-02-05:34034.0,2025-02-05,none,"Your current financial situation allows for the full payment of ZAR 34,034 today, as it is within your safe-to-pay limit and aligns with your preference for full payment."
request_93,1729.2,affordable_now,full_payment,2026-04-07:1729.2,2026-04-07,none,"The requested amount of 1729.20 is within the safe-to-pay baseline of 1729.20, allowing for a full payment today while maintaining your required minimum balance."
request_94,572,affordable_now,full_payment,2024-12-04:572.0,2024-12-04,none,"Your current available balance of EUR 2663.60 is sufficient to cover the requested deposit of EUR 572.00 while maintaining your required minimum balance. As the full amount is safe to pay today, full payment is recommended."
request_95,3374.86,not_affordable,not_recommended,none,,none,"The requested amount of INR 553,000 significantly exceeds the safe-to-pay baseline of INR 3,374.86. No installment plans are available within the user's consideration set, and partial payment is not permitted by the provider. As the earliest date for full payment is not within the 90-day forecast, the request is not affordable."
request_96,73073.85,affordable_with_plan,installments,2026-01-10:31269.33|2026-02-09:31269.33|2026-03-11:31269.33,2026-02-15,none,"The requested amount of 90,200 exceeds the safe baseline of 73,073.85. An installment plan (payment_option_269) is available that fits within the 3-month limit and completes by the desired date, making the purchase affordable through a structured plan."
request_97,1337.53,affordable_with_plan,installments,2024-03-19:8145.28|2024-04-19:8145.28|2024-05-20:8145.28,2024-04-15,none,"The requested amount of ZAR 23,496 exceeds the safe baseline of ZAR 1,337.53. An installment plan (payment_option_272) is available that fits within the 5-month limit and completes by the desired date of 2024-05-24."
request_98,6089.82,not_affordable,not_recommended,none,,none,"The requested amount of ZAR 27,148 exceeds the safe-to-pay baseline of ZAR 6,089.82. Even with potential spending reductions, the headroom is insufficient to cover the full cost, and the user only considers full payment as a method."
request_99,16870.79,affordable_later,wait,2026-07-15:18062.0,2026-07-15,none,"The requested amount of 18,062.00 ZAR exceeds the safe-to-pay baseline of 16,870.79 ZAR. Since partial payments are not allowed and the user only considers full payment, the request is not affordable today. However, full payment becomes safe on 2026-07-15, which is shortly after the desired completion date of 2026-07-14."
